id,price
10317868,5688338.638704438
10885829,5693785.966885198
10765951,4864117.804513639
10003549,4888892.765118525
10663026,2349911.7973703565
10878364,5265050.061618822
11010960,3808112.790219742
2796113,3034006.6670780554
10713056,2673389.2409300394
10978982,4063931.612224714
11033399,5271706.7104695365
10806086,661800.113429307
10708676,3310384.1928509865
11010221,1111273.6483438164
7065898,2847191.925024915
10902554,5661822.948213213
10980517,4037563.992744964
11014396,6925187.913825428
9663197,5983369.970060233
11008407,3665514.8988991836
11032158,3228796.0081476625
10521705,5790787.502276057
10357187,3249589.734762206
9964531,3748433.1782804327
11016254,1064283.4412017236
10897827,3808524.690850948
10971653,5147907.9670330025
10851751,4179537.453494084
10614089,5962994.631399581
10799791,3746785.207688325
10925824,5332309.390091096
10609867,4948480.900691849
10715849,4856312.179471441
10836932,6218835.663607612
11030179,5112069.94285492
10973696,3105042.12468166
11029504,1786413.8101995355
10865487,6198947.998731351
10856170,1743454.632800093
11022786,5507195.937775912
10989384,5467663.08191118
10508729,7090741.90963353
8757687,3629787.399250773
11023870,2833929.7456127508
10716774,4898113.110627422
10766426,7012413.796035143
10661714,5236033.333205604
10216708,4301161.446675257
11014086,5627626.054424668
11031161,6139538.771275712
11010764,7375320.265565486
10968744,3704905.805186821
10924482,5480421.179745107
10657488,8075053.333411135
10763402,2091188.3565317227
10959817,1339961.7578950636
10968280,3475649.689930563
11029679,3564485.2991990075
10563986,5215765.103940083
10802844,4894688.770419355
11010588,3398313.6573260664
10841502,2974337.465510999
10352578,1850557.7419816386
10808054,4206457.31497289
8766436,5781942.866928084
10334874,2208521.7753064455
11020868,2138857.0273688403
10937582,6586816.389559954
10934819,1189478.3246953324
10977511,3691132.031560627
11032362,6095195.288137438
10932604,3352653.0059821596
11027013,6129053.913195524
10932522,2330369.4708975125
8356244,3092550.1337998128
10846564,5798673.062426311
10995682,4064208.9615387814
10964173,2839506.629008294
10896235,1589777.6814838876
10873801,2357782.263090049
10938949,4721914.361978695
10955219,2818650.0716182934
10866161,3196625.2713344744
10963300,5525292.524231731
10802501,5523261.633143086
10149968,1572181.0836803466
10859710,3357678.100089736
10914214,4046779.2727026516
10570363,2819559.857664438
10948664,2743406.09394648
10692762,6313548.678503189
10631456,2127020.472119487
10894201,7248891.669693837
11033680,1701835.2502303966
10871777,6074827.091977786
10643036,2043370.5898036377
11028263,3129336.4708916987
10674010,6192562.899494819
10217747,2874158.272144653
10838219,8123645.765990632
10265493,2316018.9159144578
11011746,6139061.389444202
10868737,2738864.5663859397
10936703,5328864.034184552
10948999,5917584.97481175
10880167,5466024.075934312
10885802,6845785.559804358
10147323,3648874.603449868
9657586,5932545.324181139
10934690,3805715.3213512576
10897602,4762429.580787921
10999692,3640717.3422594615
10954803,5752076.252334087
10802955,3509201.4428350935
10100372,4447319.672845849
11024598,5570816.531288573
10931276,1998279.341473368
10587841,4998944.468393623
11028214,6814871.545504131
10609790,6288210.401634252
10949384,1358245.6259004045
11012461,4572004.529206563
11046345,1740063.6606735005
11029643,4890360.516991363
11003951,3918721.986020849
8663803,3117231.4375172434
10918429,2294222.8054495435
10935030,5635010.556474491
10874656,3545139.1747878185
11005848,5950755.99261821
10149824,2112040.342889741
10670101,2415237.598254008
8212121,6143504.780288707
10932493,2825940.0989147457
10998578,4455404.65832252
10940004,5120708.668338959
10736927,7244950.03233115
10856961,1226077.0495851086
10401147,5405610.953111963
11034303,1935308.6082746917
10903401,3467463.232965372
10861272,5577036.582906482
11033591,5409501.671806749
8710156,5119453.556955429
10981235,6993762.649131643
10895306,2473168.8257704284
11022252,3863931.557174049
10666780,1909717.7761633736
10887672,4931747.090756817
10852211,1266263.0459793718
10953795,5106131.853814904
9610695,10129277.72797881
10958951,1583870.80212083
9748213,4397580.773069257
11010796,4882304.0846304875
11028485,5810632.489825475
8503318,2820810.4813047913
10813852,7531306.23237942
11030135,5497089.113272484
10344760,5453032.230154354
10689642,3921306.8309838353
11011404,844451.696591252
11003565,3424439.9038262414
10093159,4476453.726203171
10932498,2825940.0989147457
10960090,3485536.837411058
10980023,7119253.141747037
10906982,3560762.709499884
10730667,1819540.6941043912
10976761,8389341.577577824
10989614,3920990.51082907
10884680,4785447.506896746
10860993,5601481.642366484
11031322,4208156.019172978
10700867,2715007.7398316823
10682909,5870356.829127248
10912411,1602548.0592959346
10538742,4420606.951529708
10839919,2680538.794965562
10923199,4605456.093093803
10960025,5748815.602780825
10991970,4133841.3298006817
10666692,4885058.091027351
10852091,3895477.879934466
11025604,2109403.9746598625
11008198,2086136.3660840471
9667631,3763606.7031169566
11032849,4504265.748663448
11004284,6108769.951465927
10954175,5905393.07204825
10687714,854590.8704414531
10824629,1977171.2748732953
10375910,2845815.820780197
11006418,4904051.160298331
10313975,1773941.4767414941
10637204,2919861.5709533226
9541379,4914416.535987275
9029282,2028338.96663746
10891416,3391717.0420471877
10821047,2956493.955831486
10823631,3896076.4934989656
11030902,3831200.9816366252
10604539,6921986.345003098
10984681,1066189.8223712444
10958694,5274787.936748477
10794118,642624.0567774721
11025122,2957917.9046207163
10136680,2465604.2045633886
10932595,2593666.114018507
10870591,7596581.808070199
10654702,1941000.9998868746
9860841,2986420.3714222917
10958303,1650137.0444157794
10788608,3811099.272097706
10687629,2590676.4879782386
10652292,1740844.837450047
8795118,6888261.503294969
10996940,1571078.2807771661
11031814,4727912.830625566
10918381,4813553.788328796
10779428,6187481.44164635
9507206,6315020.8397394195
9200670,2347665.4293324733
10916361,2714091.605697194
8773846,4229573.693804151
10892970,5396906.673425562
10918818,5157097.3748829905
11018846,5358401.143805448
10112108,2238820.5271959696
10825477,5224807.2056859685
10645626,3585587.9321918013
10023481,4843640.569457399
11029590,4409656.024448329
11007324,7225986.056262786
10797083,3418374.854311984
11045262,6179963.266122304
10672382,3307887.372141895
10948441,5908311.564401442
10606718,1538230.3313275524
9947358,1339138.3308150065
11034998,6613657.456459036
11030898,3366682.2407784737
10949065,3027858.612610603
10942629,269698.1900651627
11018877,3273128.8283370994
10548429,3710407.200643935
10284663,2559276.986136088
11006387,3115398.954259768
10995486,3514898.9497192856
8503088,3883123.7561590364
10241766,3795938.007087464
10975003,5618522.284887909
10525975,2875021.3399379128
9433521,5396428.640408112
10906178,2523257.5826338455
10847252,623839.6168777668
10390650,5729899.123999283
7815502,2076756.9767986108
10935802,6478769.459921265
10786218,2420324.6956870267
8420240,2403118.4235283462
10879706,3907371.137548329
10521931,2506644.5078874817
10738206,2111360.212697856
11011909,2872165.739929512
10955135,5829546.167737845
10933058,2648102.932155124
10939558,2349161.444237004
11013517,889080.0282217432
10049957,5884099.772515718
11005245,4058459.9784979452
10976348,2769149.1482769037
10857857,5899024.091204033
10625472,2247757.1095862538
10940742,6502243.770926597
10983586,5027046.678607447
10609460,4275123.498464256
9193578,6015248.62073559
10515881,4791427.524392984
11030309,3094475.326931642
10326354,7020352.740614522
10804020,5403981.067960888
10924949,512967.5619122335
10075703,4302811.566420131
10936819,5478895.305807203
10384373,1803344.1211361792
10698705,4837114.189670765
11011650,6444396.808359655
10585847,2696402.7934395205
10315800,3558150.3723950647
10949717,5899096.86537061
10049960,6390091.03382482
10842209,6076730.52435637
10954170,4338115.845990479
10060570,2671418.2142372034
10927912,4711940.727571753
10906726,4125041.457714614
10986369,3200942.10743367
9943818,6082527.869263598
10999476,2118572.6687058965
10744646,1894359.5314902063
11032801,2699403.450710167
10928739,6569301.3052336015
11029700,2801208.1905557057
10360179,3288876.3398411484
10894052,7498266.88776269
10422961,4402784.358277145
10817270,6075595.589757994
11022371,5186588.097053984
11005368,4858221.166924484
10945362,3931307.063634807
10820829,4268527.238535517
10826588,5432450.151253817
11032972,1757266.5682438524
10964156,5050593.454386697
11038801,5829105.718260793
10525422,3672234.5257801507
9820523,3619618.00547347
10934692,2264414.131070093
10977677,1942214.2316285851
10862981,6308972.617713926
11010941,2383683.9028974613
10698707,2670015.7325276337
11046204,6655636.916734466
10752731,3557133.5183898914
10452253,3292409.0503994077
11013026,4250260.732926521
10043313,6779751.487457113
10767834,5195785.306467487
10840138,5418066.325128101
10925790,3093414.598347842
10909390,4990961.736398636
10823094,1969842.5711888424
11004654,5866157.546781466
9019101,3057430.589636307
10968003,2495283.524774154
11029658,3681694.3298916216
10273565,3052607.651022015
11029412,6156488.298823095
9838958,2757060.29609469
10935337,2354260.50938006
11012594,2916376.957076939
8893447,1119415.1133593945
11007496,4320382.449111822
10974772,3791940.887202985
10997186,5014561.837897633
10750697,5159935.183354542
10891333,3522928.6548754
10742201,2941708.579740073
10849108,5485997.658808975
10815334,5103437.287258492
10842402,3569932.0451439107
11032616,5727050.768846868
10851164,1251754.6185577144
10898176,3198296.765855837
10907566,4244698.64508773
10708961,3499441.5153590105
11030065,3986677.9968187422
10705384,8159543.068366136
10891351,3515547.670514526
10838382,5034925.135846025
10611931,5375443.146210321
10841603,1840903.7793696942
8439211,5232348.291022233
11016612,2475412.222085217
10988905,6450550.223179435
11012939,3507034.5483608223
10979581,2664403.5294305766
10830257,3786623.050260027
11036542,2137290.4648015406
10904546,1726757.7436122661
8539632,4059361.0200307844
10857215,6179121.341824795
10541410,2204727.6292042984
10723063,5284395.094446146
11029649,1902514.7765366621
11029999,3024341.686506301
10952098,2895263.2231495986
10836208,2950476.7070999136
11022573,3176202.0656400425
10798513,2712445.476967008
10984356,3668081.985916876
10745642,6035230.90561397
10841042,6652198.592799122
10538365,4343598.803680787
10897920,1881894.65344291
11006479,6000297.229444395
10774899,5835763.610040541
11001765,3447085.9884627936
11033538,1915165.7797631836
10831725,3839466.344635336
11044926,5475398.792062877
10976271,6340513.283755565
10981556,3756995.1648828043
10961326,4820319.765742899
10883866,5456959.661128616
10841901,4044852.193787238
10693007,5073813.429880506
10847817,4119887.0971212923
10896856,4825676.3904849505
10784274,1359565.669175704
10378785,2302612.109563887
10910362,5741204.434062149
10923489,4287803.636599186
10796396,4535785.525913345
10893036,7941010.423786311
11011008,7633125.732307088
10952064,6787353.012790183
11009697,1341109.3988253805
10308491,6193103.282841219
11009134,5207343.398568513
10956663,2965982.465042495
11043808,2053489.1601547797
11000065,4025299.4928011256
11007409,5037620.1867926475
10328736,1685790.1230551857
6954834,3876517.7606655206
10949562,5452933.8044187
8889294,3316925.4861954497
10852545,5033049.378440245
11017010,1853358.8657067888
11001089,5676242.072106347
10914315,4819807.85071618
10965478,4344519.222737619
10819401,1227046.0730833681
10979878,3126873.253525613
10613706,5375504.2327223215
10763485,1394631.7551436354
10609498,5429551.66093917
10847829,3175003.5407129964
9716533,6306767.012102284
10818543,2291211.7960768174
10955543,4439546.711585323
10914990,6516416.548202212
10650754,3784177.8162136204
11007835,4395525.338779659
10986600,1646518.4714526222
10205939,2544799.005869534
10613818,3766170.714600391
11028806,1798199.7116526258
10821045,3792887.6497852
11025719,1538230.3313275524
11027050,1364754.4257752835
11027120,3271781.602486994
10991121,2368929.7587785646
10615821,4929981.435135933
10826789,1922939.4386449787
10823501,3973454.4942744737
11031678,2478951.236594117
10904277,4644575.370167754
11032345,2340183.9020638918
10790133,1686485.2368056788
8035356,2148384.386137643
10874651,3898503.3463407867
11010267,3817538.357219569
10803357,3528692.3649342805
10693203,5895722.273866208
10927529,2007517.5204575951
10965515,3754035.684008896
10756016,5763689.377548906
10818159,8987746.326938665
10927662,5168718.153775213
10558471,5476710.355046025
11033496,5092901.890868201
11002382,5039206.297929307
10984447,4857329.1344052525
11029759,2044778.689441657
10619610,6462904.11066354
10984665,6489985.309922267
10859925,4346702.332139469
10750711,5169863.446445989
11034193,2606649.250643093
10468221,5097116.885610778
11029635,1323624.3263945654
9113806,3866019.872473682
10848057,3132781.849441134
11030021,2584993.885677145
10874549,3938137.5610884693
10871719,3612150.215921983
10648595,2015764.413904183
10948308,1418982.6841690368
10978564,885633.4101361511
7559766,1070418.7563549178
5704631,4005078.0024810093
3204311,4603836.37666646
11028848,3525601.7344858064
10717237,5879536.618631704
10855877,6371196.768529929
10904038,4695454.0507439375
11034225,1317499.0820921608
10742964,2521609.5396110704
10737033,6264295.143007154
10955514,2749251.527992906
10870666,4764254.282203795
7846347,1488709.978388019
10077834,2245420.730568311
10020769,4842677.004738223
10406971,4202141.9083681805
10644641,4676541.824372836
10776176,2675652.339801953
10789519,4025176.8584347526
10921562,5693544.349818278
10927184,5912265.941857042
11021947,3140327.030920742
10958511,4565873.593328882
10925633,6057414.25296438
10613987,5929057.527277706
10987430,2310497.5977738868
11030594,3489135.8686171817
10951734,5368708.504907647
10916819,5675134.914062843
10925164,2276615.5965269217
11025234,1850990.0949402978
9838788,3072291.485298747
10979378,6809824.118104013
10852399,5206779.392440621
10965082,5188306.396756627
10798315,2567398.817094221
10666268,2262344.052697302
10997655,6757258.889436806
10918750,4629656.0909916675
11028591,4671242.506443949
10867068,3099882.810585124
10694259,6197450.89593607
10821922,3926116.4089645664
11001243,5121540.2602038095
10970970,2074915.9199806645
10814380,4608817.755539237
10866816,6043106.310504057
10762038,4657131.942287293
9267648,2200294.6419040887
10911849,1842805.290281484
10936519,1535426.1340220436
10924382,7922495.183210852
10826497,7550287.622943839
11013768,2099958.7939900314
11006368,4826174.847532301
10832912,2459202.574598737
10911741,1916999.3646522444
10762089,2893996.237003681
8476937,3805559.011219372
10973171,4651974.941518882
10935843,2503313.8166081794
10694580,3556032.900895028
10996709,2101138.750580974
10545059,1353060.881189004
10401321,3993956.0552648557
10782758,3189779.6706229574
10911750,5858669.058217512
10864288,2474920.6534937895
10870430,2242170.9764219625
10942747,6484703.606931537
10556988,2314403.1864396697
10961624,3668105.2691287114
11030320,2398216.7280820045
10869522,2229552.9743123036
10992849,4012083.767134413
10805256,3322738.0128918616
10999817,2124767.076489865
11032474,5156969.634567651
10989802,3785564.211911551
8202873,1409903.3396129468
11031396,2053444.1688427322
10913165,3851839.897501284
11014436,6344085.487773305
10985609,5565463.794708788
10992341,1192604.0500470046
10888602,4753790.698489248
11014958,4827100.128289017
10981220,6741639.52711098
11028256,4024359.560110625
9161413,6093213.854975448
10778733,5944455.265281519
10797230,2191116.9908505064
10965171,2632864.741079055
8819143,5404079.1955178045
10786709,6354034.05317984
10960120,5291172.355837471
10803845,2181899.0312897284
10956924,5457726.731329325
10997131,2577341.043262254
10633845,2310634.945041875
10929564,4315116.007286491
10235128,1939128.0360009116
7256542,2189420.353274009
10759036,1725055.8198271217
10739357,1395585.9945309437
10981008,2882203.535846413
11025580,1758840.2095304425
10839133,1371399.8793221004
8383093,2383744.2546087503
10752533,3079730.9976929044
11028009,4514328.243505082
11028171,5666477.772299081
9740177,2773895.8592419988
11031102,5801249.399476934
10851961,5711161.385953164
10867819,5901186.707019837
10814406,1814592.7582517192
11043537,4195979.309194479
11032266,1142714.196198518
10609389,5480786.4738079
11028525,4851947.024863018
10827604,6891725.555148752
10298437,3229881.140501684
10333987,6217265.987050965
11007663,3480939.4600099684
11034022,2677776.6533502447
10912810,3193226.5776336105
10848699,5369504.268337562
11028484,3217386.845140596
10613685,6072042.164768603
10550425,3268560.8845584397
10781613,2551287.5534627168
10928963,6037008.833065215
11003249,2438779.3229493983
10623726,4204978.508622928
10738137,3461911.3658946003
7945727,1751573.92637514
10944268,5116694.177642391
10958934,8247226.458864262
10982388,3081172.69950187
11030969,2187056.425281955
10963478,6170580.605466301
10929884,2310497.5977738868
10980070,2188317.602479699
11033696,5290171.219524423
10708679,2653621.1363592977
11004165,3379567.6744146016
10608258,3423260.5231944565
11011550,7044812.153160248
11031780,2406092.4060443677
11026821,2011770.888004846
10869236,4396146.200276822
11034992,4755855.946639979
11033280,5422901.39661982
10981577,2995750.700307237
10771851,3595465.3698308887
10936933,6185935.970022364
11030033,2554378.893297163
11046999,2280072.9114763765
10846226,3969770.4989595613
10953730,3035877.2013960127
10933694,2149962.0722263483
10730481,2129871.3158693775
10896981,5584530.7205434255
11010491,2419808.75370589
8452025,1557032.023950805
10558566,3189741.123551787
10817610,5548193.737630216
10545103,2015303.0848696483
10962106,8742254.588219825
10993382,2758699.8050205717
10805314,2232293.979756115
10041006,3568923.5408966285
11006984,6657065.631137557
9701581,2927804.8615903743
10221774,6549444.615305584
9740170,1903792.8683347213
10746255,2560693.9906731728
10931937,5461781.651238387
10637194,2751197.817183622
10781903,7440669.597181249
10317448,3558446.319788319
10912975,5530671.590713154
10953118,5499209.973309338
10797115,3418374.854311984
8518124,2099624.8075473383
10708714,3811200.743755805
10789356,1942901.1829021955
11029499,5191519.9761122875
10511676,3111590.3073899434
8864551,3508110.603526535
10799179,5361109.384990582
11031469,3075636.1192318173
10955961,4118987.5787220527
10764273,4160648.1547946488
10884595,1821620.2761864103
10716117,3743523.2125738068
10761639,5455360.021942868
10539513,636722.9348894157
10823226,6140216.530425329
10255419,5708616.659819406
10830677,5587160.563825799
10677971,6270449.5395942945
10463447,4739556.115758274
10890022,2238222.430969949
10962175,6539356.674336449
9970127,1065426.0797441285
10940011,2508555.231071287
10985632,2885706.9250385007
10997364,5041845.464672474
10932870,8265014.068371847
10289293,5006413.19279097
10991275,3267471.586982524
10685074,2514437.604739076
10609923,5130902.886460091
10918627,2646801.3769529145
10617019,3481659.010327183
10640648,3566809.513894217
10953383,2115477.254332179
10975430,6433541.199865952
9784771,5086264.637729422
10933403,3319222.969538703
11032936,1626709.6193604036
10734582,4212711.529712666
10846588,5420407.797296376
11031496,2378794.5885003842
10888600,4922454.452258948
10976066,1150808.1270698654
10740733,2314328.7683914155
10826495,5592664.031266638
10954167,3556725.531981379
10679117,2558292.6751330392
10838023,1971183.2423714255
11031330,9077506.788379472
10820548,5338402.464223607
11007396,3844169.2942179157
10997923,5860391.954334267
10569890,3806193.1118232734
11024765,2351189.9325207975
10943512,4522378.740481477
10116578,5589267.606587576
10867670,2172017.241953591
10989210,2179836.1576174917
10768083,5088801.583388251
10968242,5584940.475114949
10824677,4105323.9286284153
10904502,5148737.470968004
10980588,5542101.977042167
10200877,3065752.104212835
11026582,4526481.05154068
11015103,6458885.747266179
11027339,5088467.149311631
8394071,3935831.3167075426
10941477,775689.4513742649
10337509,3936085.028549427
11018767,3584376.1850478644
10825683,2519844.7785468884
10850844,2568604.5057509188
10609989,5588247.599380979
10919926,7581474.265487595
10927710,7030470.358717071
10521602,1149757.9566289787
11028220,4897989.806651786
10925900,2207300.882597828
10903257,3974423.954156826
10979042,3963279.629552849
11011093,1822183.5487383762
10928769,1164198.7516090916
11007726,4869512.971413219
8590103,2214221.8293771977
10691525,3090323.193469175
11006884,3598375.545655546
11032247,3334961.3976887977
10887480,4130573.7927840133
10847947,3974970.4815943623
10513356,3803690.69108249
7970793,3891729.1682727844
11033808,6874518.58098999
11030325,3274802.1558904843
11031454,5338750.654562491
10786481,3137507.950969446
10946016,4488347.55443926
10947707,5129744.9570522355
11029905,2941297.3602625346
10848254,3329273.153448114
10727826,6231809.041569327
10675166,4730013.2344265375
11004211,4506363.675537404
10050712,2599067.761067359
10746309,1548533.8891748884
10797224,1917113.0777220274
10912880,4361142.491814842
11000496,2948257.7350589633
11028122,5403770.984908723
11031122,6357395.183429042
11042833,4254293.347507939
10881822,1528249.5305119446
10881046,2001798.0109698004
10608582,4951010.158214715
10466060,2122396.285609845
10644104,2869132.8160791197
10908357,3636432.2771155545
10908754,5507204.628449067
10571692,6184860.477802385
10583192,2701008.070711997
10977967,3738707.383778628
10388943,6675944.055929098
10920134,4355366.624268262
10918271,3393696.0033130245
10905062,5077387.5721231075
10315390,5156369.793571672
10989683,2639946.4464147314
11032121,2307230.4898550557
10923976,5121353.804946955
10836814,4366429.509216425
11006127,7396223.054107
10630511,2622983.7242963267
10752451,3287279.3229093906
10709964,2628599.2727284087
10753060,1664943.712368857
10971746,2409930.170415544
10838543,5339415.143601948
10799656,2807738.1549743996
10806393,3578546.749628091
9584615,4325324.147563479
10939776,4993089.360370434
10990474,2255687.6746990415
10910191,4179149.1537783057
10898849,6836973.666509207
10874449,6585988.0991616845
10876151,2097809.941991476
9317081,3260195.66181838
10637728,4289310.385507778
10971911,5285952.321023315
8569744,2190686.37324619
10668735,2302192.4790785583
8336126,7401905.151538448
10611275,6426899.419632513
10770664,1786862.390882194
11040672,885356.7245846014
10887735,1569025.2865831954
10966789,5206840.47895262
11007366,1693664.8309889864
10627234,2510000.472992247
10942926,4944040.856947846
10848666,2743845.191962469
11035029,1117888.7932511736
11011705,1931702.0061268564
9813220,895619.6874320232
11023951,4445973.391616893
10976436,4853519.671241603
11033596,3991173.4824598264
10925165,1066554.7443908658
10585843,4146433.37409957
10952036,3223677.1154424
10962956,6842408.32514058
8659826,5537478.887679324
10951973,7627078.935891308
11009968,4218654.081908286
10990495,2885389.1247151527
11008503,1546967.3266075882
10914520,5948795.651617332
11002550,5276186.679953249
10985434,3984022.4838766153
10766436,1445599.6807015557
11009186,1311377.9499682183
10967875,5418797.797480321
10609295,4218084.416385174
9966371,7763393.061009433
8653144,5468447.705068637
10852199,4924238.1370985005
10242157,3165855.3605838288
10335962,4505857.454809492
10971483,2210081.149100846
11032534,3445501.000648778
10939923,5086802.350062313
10952191,3563888.7870750986
10695323,5521425.954374292
10746376,5741204.434062149
10612222,4176993.0118191494
10971166,2859596.4115388826
10613422,3357418.2727557602
11030408,2053448.3010726757
10771934,5284505.915179841
10802442,2476956.58899743
10720503,4050580.8014804665
10155907,3126723.6625060616
10946546,5219653.130972816
10729732,5197263.340346016
10890029,3081541.199818452
10958360,2686124.059129987
10762936,3015417.137485682
11020274,2878442.2097951425
8351520,2509560.491638708
11009711,3925848.7568706293
11030812,3902346.119933892
10942165,5051248.407636352
10847116,5408468.306049428
10785133,5713019.579313886
10940721,5224666.337806663
11032782,4870928.530715258
10979279,5068042.455436918
10682691,2789781.2411396774
11033050,6452319.302080339
10823180,4036593.2233558143
10716444,7004038.762434712
10955544,6479645.6045293845
10853949,2793658.013925531
10842568,2888110.0185825913
10986641,1656526.4976659082
11041137,4431320.432396313
10759936,5458158.59507255
10885806,2817263.480552819
10849974,5688772.41995595
10782857,5186426.944861701
7899734,2970623.195450496
10642918,8853200.515718712
10014689,2672239.282921328
9819580,4714242.228899901
8947191,4699848.081330471
10551859,2836350.474437204
10852116,4052330.59764605
10744311,1892225.4667729028
10827282,4242436.61657905
10578513,1749173.7456710604
10963359,4194864.574828629
10813125,2204064.015425657
10612202,3201957.9830985963
10203028,4125900.448696815
10963861,5073528.144073629
11011348,4636408.414598039
10977617,5163734.035490609
11004120,1841474.4864863139
10765749,3967723.1726588802
9964713,5477567.097856044
10778785,5729883.267585404
10872739,3723406.783442792
10823064,1447618.9509984679
10747202,4586988.294561953
10958881,4648114.930350438
10900116,4076007.9466531407
10848148,3713055.4302231385
11032289,5634525.967036683
10611294,4688711.560835868
10953361,5730906.471802238
10903515,1610320.1452139444
10514703,3102545.7653369796
10714430,2593530.2959210807
10936422,5075527.941887151
11030102,3932706.2631689142
10779425,5767466.913861779
10935799,6734110.245036084
7503251,5852881.504455939
10968572,5149156.258367448
10966147,2552204.960171297
6222440,1626522.5209336928
10763174,1695275.0899810651
10919613,3757725.415018552
10823470,6184860.477802385
7532302,1362787.2914446825
10049958,6221427.280055119
10558929,6987423.897454998
10906725,4139555.233516066
10703295,5469826.837483312
10850757,3175129.8719819942
9584616,4472556.0049445685
10848609,6639246.360562327
10974754,3822538.6415784713
8469352,1286552.5470208745
10983355,6254212.604878127
9275031,5916220.994172867
10793649,3785817.47828962
10790208,4651651.900487066
10864238,1886851.3654865753
11016099,3260155.0435648374
10819841,3714937.2991776336
10846406,4839095.363525146
10538346,6316020.759263173
10962072,5592769.932599282
10737201,3467978.2622395083
10724605,1918299.1024343218
11027490,5090076.829285526
10838077,2206651.6025950667
10780028,2341045.548552383
10975920,1358948.7577968375
10817484,9154518.479360322
10612745,6304266.80311213
10700093,1618360.2122886893
10714280,3013980.302274375
11027055,1238621.2233639034
10979645,5837602.396750385
10861558,3956922.77304688
10942619,7213395.173520979
11024937,2434931.3169072717
5165267,5005181.413059603
10992130,5020610.778632718
10772317,2544496.7939877636
10586952,5188306.396756627
10986585,3367356.0356658055
10785836,4084669.4189486145
7420653,3917458.7967175716
10971718,3072204.421778111
11027693,3094987.1955124233
10998493,4817332.417282531
11030009,6067351.272613655
9541375,4571563.790338095
10615450,6164149.491312837
11045054,4144736.8869950664
10624641,6485997.94317599
8921994,5328758.206551136
10843490,4466828.818876764
10306302,1905503.6024542027
9859531,2413763.2189331967
11033802,5484249.113592128
10720356,4760840.14734646
10735028,2059627.1060234122
10979119,1586938.4278531396
11025540,5033236.196273179
10684803,1388238.427781166
10609862,5578065.918402227
10942637,944353.2051439653
10684974,5856032.8696205905
10990402,3094960.725615136
11030653,1323173.6711377907
10865844,5295134.220843689
10980607,5184011.629164657
10576704,4612085.640651439
11010294,2608497.138083235
10875402,4746872.732357062
6348252,5071489.723454693
10810331,2231771.990628064
10990484,6722850.503909064
10749470,1612444.5188404745
10953574,5575341.462822378
10550456,7617209.127151644
10944116,1860060.3512838716
10901612,3492952.0522230323
6388044,3843733.3763642954
10908103,5238759.295414247
11032341,2968615.1609232584
10999302,5624874.231485693
9977132,5336246.782803658
10611083,4860818.214077098
11024599,2118572.6687058965
10970449,2286372.917397321
10225225,4966261.577501847
8959583,3094427.4958906244
10810631,5016150.683730588
11031939,3996091.984658393
10791335,3608257.694152467
10958151,769242.5309817516
11025068,4601909.318051181
10608683,5444421.120736565
10927356,2033374.5973106255
10983702,5501012.272690705
10712524,2065630.1953414984
11040286,3563260.359049137
11033143,5777652.518884345
11010795,4903974.0039131
10944466,4056359.7514321287
10510937,7188474.323021624
11030118,5224000.443544881
10946335,2359102.0426840624
10574461,2013114.1208711467
10993607,3422975.4872998986
10848528,4938433.569464271
10822066,6031563.075781727
10613647,2419302.201401827
8371274,1617321.8880147636
9406188,6223393.266329053
10880158,5985395.2829430355
8684469,1606679.5822132085
10824603,4788903.531312257
10821919,4308555.365968308
10755123,2694970.5751024745
10686962,6000883.040419181
10583076,1348500.2580106892
10925585,9283818.623510769
10891171,3029271.9488882273
10895307,4433982.045519418
11033074,5566116.803896144
10613082,3491433.992253299
10946539,1585605.6685485793
10613416,3897963.086659243
10860933,1136534.4849796388
10804069,2928371.5119115664
4157396,6594152.961435353
7532453,1694047.9484454086
10359922,-190321.27329712734
7442201,3249556.748942268
10937275,7616091.614008388
10894936,4532474.603263222
10522894,3033054.41992285
10958605,1654718.661178614
10959027,3910940.475841682
10998179,3500841.5704758265
10824561,6772317.860527739
10300729,2626345.9605831373
11005036,1736974.6731556086
11006550,4632057.246984066
10594177,5229973.287306445
10771471,6305220.131375606
10971665,1211373.778981763
11040178,1771151.6632173923
10608458,5336271.975933025
6378721,3319411.931790321
10890006,4349307.247477905
10889966,6100528.600917534
11006932,3643719.6432858603
10611143,5750843.446435558
10421902,3372312.326890238
10565149,3134525.7947859997
10951951,5568065.564508848
10795492,4715194.854068805
11015809,5834195.334198411
10653288,7181427.975643348
10912866,2609850.206790154
10980786,2433128.428475436
10939050,3074737.8157122983
10763663,3056050.818341248
10887348,3242641.6849663975
11016085,3613024.241819131
11010989,2251354.9029419003
10957181,6518601.949531462
8561745,3784815.8775104354
10776569,6754807.230163278
10655965,6580656.3564148825
10685520,1488135.6346092666
10404637,1904456.9282825096
11032989,1868037.853997569
10614102,4766966.917044984
10927673,6155150.5456422195
11011834,2343635.4843602767
10597732,5588123.755838288
11028440,4612552.6254188735
11019186,3140451.8917474695
11010908,3326956.492724786
10784248,1662170.1491086325
10087594,4876732.030949546
10548129,7146845.715318387
10655775,1791505.6969606914
10746217,2836176.088579174
10906152,1363332.8337465636
11029475,4310358.790551097
10901590,2781063.6523787277
11028555,4854192.468572887
10936822,6680049.991375383
10605918,6541183.48732001
8201777,3259130.725270859
10856737,4288917.158283588
10989659,1662118.9929006463
10329337,7510114.0012114085
10957189,5655315.933746891
10880779,4469550.577960753
10933738,4884245.891864411
10743071,4976646.790181572
11032427,5121317.637548383
10838771,4086281.9887028956
10923915,3662614.6234927
11029446,4705205.7630782435
10979567,3095048.625354291
10983062,2447842.493328455
11022950,1788059.9628690789
7532431,1855021.2441633474
10667340,6737359.249187038
10554315,2782990.2867742013
10720180,3015791.255079243
10872516,3271145.705992058
10610993,4944384.410523625
10979354,2244195.2622212484
10867917,4179093.415620122
10830008,2330386.798867453
10960073,871163.2394128419
10974562,3416516.31727031
10997369,6818770.2572849635
11007755,3010293.3780577034
10814833,2730307.075208378
11033986,4794997.431691439
11010916,2433593.577416631
7579697,2711940.903052736
10630966,3414793.015142222
10888666,3624582.5314749116
10508758,5757923.785101708
10907604,1064283.4412017236
10775383,6103269.432618625
10973758,2787309.137396057
10946331,5880479.719225499
10548420,2400503.4133242983
11020613,1235339.0605040193
11011797,3804390.7149719764
11031729,2635040.984441596
9247456,2022381.3017539536
10928252,3411150.4480378865
10803652,1232947.1949714245
10879698,4160366.7682028795
10934348,1853358.8657067888
10917839,3766711.126518015
10758017,6739098.407226876
10694066,3741344.8473779033
10981020,2043009.1410577889
10846502,3726767.395212855
10536930,1462885.5305797984
10954593,2117717.628399918
11004630,5335833.369142656
10810647,4277537.435248571
10820654,1324842.6415692312
11033138,5087597.975002237
10973325,2246691.0775423776
9865163,5258263.662769687
10861661,6132891.304273358
8494902,2040299.6159375669
10611533,6131039.996200741
10957311,2339891.477301586
10918946,5572972.725474165
11028543,6065214.439500283
11030392,1893142.5929056215
11023906,5834098.246640297
9267688,6503543.526331067
10981665,2156709.6071729297
10788333,4347647.483296281
10994079,5724467.192988891
10772040,4509531.3642095495
10996784,3541566.7662140545
10797576,3450358.606040098
11030873,3679206.3919047625
10542341,3154997.862012796
10898857,7698206.261788047
10931589,2068405.4633500236
10879713,4503687.50682619
10956627,2600622.65819351
10934028,2190603.652297334
10612805,4628259.011603536
11025221,1722059.0003625918
10677829,3076700.1071921126
10959846,2530718.576086049
10920002,4538142.196329394
11028637,6519380.665471658
10980648,5723683.209232792
9810968,5108074.91021634
10873442,1389398.7020249674
10995558,2117611.876699548
11028787,3966949.2778693885
9668813,5058694.613620879
10970343,4666358.029511982
10710947,2144836.2195939273
10963370,6103565.645626945
10969503,4407326.237901489
11029188,6042410.106052311
9852655,1751530.5622947803
9986982,3607410.2779834713
10909576,4508454.782149166
8302590,3231619.5815157862
10972378,2941934.1410005074
10971734,1801696.9171757153
11027141,5330476.00325631
9593756,6336755.147788487
10608774,3512331.0482523977
10769806,5601027.5334971305
9029465,3876744.151444835
11033078,7003068.458449833
10821164,3011124.448376461
10797145,1880341.5544427028
10709813,8572836.718027562
11005887,4958624.909041256
10769802,5541588.026390575
10586770,5973654.343220282
10690281,2025255.0803215834
11034057,516246.90032720054
10955002,4998944.468393623
10538929,5052647.056151429
10975550,5301213.347193729
10999493,4894042.06353851
10827312,3941598.0344781545
11024576,2293430.8302595653
10604596,1834121.4227356822
11007139,5553792.104012209
9643032,6169828.890661466
10758230,6302139.10364975
10540579,5819518.848052142
11030166,5912091.226516586
10907467,4368771.162815154
10861737,6269556.86338136
11010894,4024068.5956555624
10908714,2119159.3635279518
7595441,2066586.9316928235
10938310,2411332.1136447527
10756232,2210081.149100846
10538067,1881996.4970255569
10895326,5196109.137900948
10673794,4432380.430097355
11011070,4661420.905332724
10685110,2424891.127155563
11008362,2477010.644477881
8269062,5420969.765547601
9812623,6360541.172097811
10918599,3215391.3099579434
11010748,5526341.288548106
11029565,2247910.8995382027
10783239,5486045.742789907
10986581,2529451.174194864
9502023,4814345.111311388
10522957,1702692.0891735395
10516750,4902825.969684993
10961854,2246866.3136795787
10474073,1688972.194587533
11027073,2822408.7516384926
10609721,5112931.463461165
10975184,2027715.8962678066
10538727,4462052.559343159
10855598,5935202.652211218
8394468,5856913.439899558
11029641,3054890.5086101703
10644120,3636030.2368202438
1755218,4825340.342565764
11006033,3906941.5505263223
10891121,2055378.4823453305
11022393,1379091.8365710368
9857220,2360035.6580635724
11030304,1964647.8770900276
10916478,1026915.0754801012
10999237,2053898.809011762
11028063,1688316.5758826868
10975070,4394059.154443173
11014863,3329657.898915585
10770642,2075170.6666992365
10790237,2792403.4843311557
10548877,3523582.8697575373
11022625,2678402.205509968
7169528,1792507.657483078
10591773,2922398.7611146
11038690,3958814.760086147
10989595,2974348.794641708
10918105,2027715.8962678066
10956820,2278247.9917513905
10714717,2713583.191112812
10746593,850258.9754258231
9940882,3802160.291550153
10958335,2273752.23015886
10967387,2063020.2054085399
10212564,4625197.077605827
11042581,4119837.1091774097
11031703,6042410.952070444
10800341,5305642.68680598
11011414,8147552.566483209
10835345,2826064.1952017583
9211192,4710800.412748475
11029264,7307431.778626639
10872514,5200505.687611751
11016298,3554580.1532276263
11030297,2641000.6063491297
10762558,2735733.6029382274
10939073,4150851.5247300644
10557070,5141483.833955567
10805840,5649673.447205314
11027993,5986355.228043519
10737552,3043044.9945327416
10587381,5847788.4753519045
10664515,5590803.037177993
10699493,3213454.5092577306
10902461,6455997.274334955
10985048,4175095.7546122274
11013107,1665785.0998784308
8160643,4154958.3491260842
11029858,4870636.094641319
9801014,2505661.6438160115
11032305,2352825.775527551
10844870,4139690.096232585
9457649,5534669.33547741
10749078,6196638.870236352
10930367,7145339.580566676
10910887,5646464.801973437
10724349,1803128.5660655187
10938069,3576440.31727736
10867793,6668120.0169038735
10810132,3650842.3744347454
10824139,2695946.754002276
10880462,3403163.663788787
10852347,6079893.675525461
10611360,5209896.2934020115
5585249,2355501.507428684
11001499,3085833.535832671
10760470,4349162.7086564815
10916673,817633.0650854632
11032100,7666209.293476718
11030764,6282482.103339927
10925383,2210081.149100846
10892935,4975848.278593229
10390358,1958389.6715177214
10969373,1979853.2538281423
10847828,4280315.965767541
10658527,5326510.121812963
10960844,1648705.4575076196
10820351,4270774.122390489
10854022,1770973.002773053
10911843,3405181.7075953106
10835498,3791124.1304167984
10730261,1749007.4597234018
10941253,2677862.3370963642
10984546,2971251.0688425545
10787761,5990899.652404813
10784637,6364534.178878071
11027698,2577996.027035823
10968086,2307929.813382187
10939062,4368441.086848569
10577252,6304508.297810685
11018108,6242194.225544868
10656989,1498501.0922980607
11032377,5001997.657443296
11033352,5568574.946879078
10977559,3615886.6316665877
8923857,4443029.286464916
10641834,1202220.6701360242
10933624,6166930.242460849
10772318,2448106.7658116575
11011055,2458945.272398185
10725964,4893594.609029535
10958785,6621654.76809076
10777702,1513204.4516337072
10958878,6289908.073194837
10966579,4193453.875254479
10814989,7217338.124736495
10608667,6144782.950165355
10825214,2452390.9818332354
7991762,4509996.785217628
10761185,6983503.982741913
10903017,5685225.642694637
10883745,3274435.581164077
9743202,4117339.777398465
10538349,7301614.122334866
11009747,4352314.957448869
10870361,5090356.326611214
10904254,6220688.759042432
10733087,5326510.121812963
10932757,2860721.9772063005
10820661,6559647.065994529
11008484,5733646.033460551
10979987,6205908.540989419
10611183,5472788.656713815
10050257,2084090.7882587942
10811337,2410833.457005947
11033323,2588943.071318982
11028715,3964072.6812765095
11033187,2508076.956432276
11017403,4984217.789693245
10852326,3775405.454194796
10983931,6384663.484834647
10570522,3438655.7756809383
10990337,2479788.12902221
10982659,2961392.8324922565
10863423,2409256.6167775174
9845801,1652363.5091668852
10809817,4500466.295419875
10142790,2548743.81996304
10846232,5916589.395420918
9394608,4490465.320745528
10961971,5907011.097046945
10771371,3867898.407327341
10722108,6701228.007081548
10885130,1886247.4607693288
10812180,3538319.8941564946
10999111,5720582.079551221
10944045,1774720.265613256
10983506,3112707.396596619
8672983,5133413.964407679
10958353,5019110.769179053
10387498,3077880.2651961194
10605668,7377897.311473018
10642408,5828586.745464163
10550289,8170046.580487545
10933237,4902487.139221723
10764826,2175003.2109331796
10945118,4464217.979715928
10899775,5712251.51665632
10929592,3557943.267268937
10968696,3905553.9619361633
10819357,3752827.630200087
11011646,4442292.163429215
11032433,5879246.957548825
10935836,5380563.341143057
10975922,5054993.351061031
11029822,1058382.3193136677
10863287,1617145.8535002237
10861315,516246.90032720054
10826845,5778182.709284349
10717107,5557179.44912968
11004079,4510261.256158368
11026927,2988227.875188644
10360259,2456002.391835977
10760065,2814338.1520172823
11011460,5965801.485753581
10912162,916738.0990046714
10919020,5645455.511569873
11033250,4668417.444861274
10800518,4012365.199485559
10967593,1542351.0242299535
10141982,1991773.0502699553
10572592,4041910.909020854
10993623,4826766.712027033
10947314,4068323.2355720378
10623192,5934492.007320288
10983483,4325324.147563479
10271378,5385225.026993696
10909594,4660124.07592376
10626290,7566239.186349282
10824218,2913227.7598056425
10763528,4793635.740903816
10777979,1272207.4791817414
10848185,5417760.919108688
10968153,3457540.093610849
10812095,5517969.244943908
9199357,8450764.353381403
10971271,2050403.1068306086
8823314,2431797.6246802662
10941855,6295318.529893175
10971792,3353319.24184075
11018989,5212241.039855948
11030418,1744566.9890042813
10638794,4105137.4918840337
10613102,3071645.702272844
10733852,1792565.897678506
10867723,3529959.545048971
10078241,5355384.088652436
10556989,5127557.917278873
10620123,5060964.3860711
10978655,2857511.7712868396
10918577,4520968.416572987
11029666,4558186.240361556
10797015,3589427.453697164
10948449,6728000.367783902
11033999,4556512.750646128
10932621,1787303.9852830158
10880663,7305804.705055363
10979130,5497244.580593889
10908407,2224447.339857573
10921237,4061197.801409765
10976440,4744701.492839533
10231092,1460394.7021851582
10964037,5429796.221036069
9245360,5123562.479875131
10983344,3364585.9380444945
10936699,3959747.106786007
6977756,3068441.3389250394
9275020,5810697.575236826
10949160,5441302.027411178
10947505,2352630.592409049
11006463,6214782.304575737
10856419,1468170.0790537624
10897855,2239432.039161862
10169415,2942591.579657984
10474301,3038282.224745138
10839254,3740040.437222488
11047830,5664795.833054362
6848663,2050793.4755060407
11022305,1871688.9709831788
10587723,2533840.917963697
10749332,2414450.148695542
10586918,5143573.746402947
10904931,5549158.004814883
10611851,5316077.387652555
10638066,2864222.024291428
11029555,4610802.150826196
10983516,5203460.368690492
11023727,5947356.748413779
11034091,6002408.622934849
10874675,3035237.826242841
10888421,4338569.160747328
10425513,5864269.509866227
10889080,2311945.468057734
10532128,3695718.8949209363
10520533,2852786.6608538157
10810303,2951389.133010486
10748275,3673777.5897630285
10137006,3710870.113414862
10160049,2675886.5740956897
11031791,5083761.676295084
10932582,6712155.785279738
11033960,1764257.877260828
10075699,3129550.3882285943
10861604,5020865.409791348
7345431,1378923.6579766166
10985662,8238473.2319753645
10728889,1501273.7916637287
10826750,6080929.695626742
10865861,5798275.5418030275
10658021,3645654.4843976037
10865369,6740767.018477092
10885984,3525068.2068876424
10725929,1647511.4832833158
10710688,2962986.2434289074
9257188,6353010.048193911
10672375,3810165.2184580634
5186189,4120160.069980654
10932617,2630622.7541315192
10329484,6550991.490304183
10914426,1830418.4761613281
10844601,2039523.5442998358
10751380,3859650.637129561
10678013,3838827.2586007267
10829951,4375688.942353673
10820931,3651214.2012199447
10988121,2045414.6348879298
10618086,5495658.776861473
10299933,6525034.568562366
8007088,4645394.126097502
10099469,2986970.1076163733
10604579,3306326.047702465
7865100,4876757.005481216
10664150,4527774.256566802
10841420,1513711.7165100747
11008508,2372346.1585718696
10593924,5369022.175316496
10926807,1093463.384274662
10833423,3637371.268389776
11033438,2513655.075777594
11031553,2115800.129389718
10825521,2033669.571509833
10987303,4873022.2106501
10987002,1603673.4923474733
10989632,6296618.060621447
10980379,3669864.207658816
10612245,4353177.705914376
10891882,2953077.8309908337
9701706,2426151.7380314143
10771132,2004009.2116831448
11005124,1491330.2463544598
10937761,1659216.9675062168
10842963,3568057.646177825
10968230,5719461.3038538005
10878893,4830259.493867072
10836351,2830546.2201193664
11026837,5172834.057990422
10978730,2201501.002809706
9325208,4272301.317910893
10957271,5487825.463037878
10742252,985846.1635983894
10546095,1190186.6968081794
10631427,2720796.8528224314
10741514,1493070.2838668334
11026814,1542190.6440488426
8266520,3839062.7379752933
11017124,4481497.932423519
10607873,3321475.426757909
10691775,3462134.6593700657
10653793,4799050.964458992
11020566,6897186.528621769
11010803,1018346.7696226821
11008424,4813507.659049863
10839679,5658146.152152957
10926827,4087210.501104495
10889848,3291594.024292492
10866938,4389658.105185452
9745877,4138077.8458306137
10202871,1716713.518453708
10977224,3399482.0490880855
10991573,6387943.518679985
10705619,2197249.2061353372
10634516,2090507.7477578677
10834541,4616013.098808558
11032870,2172505.8157256786
10895074,8435065.881037686
10645999,3427999.1713675475
10966774,4725319.621827999
11003034,2162713.4068179247
10940589,3392752.927805747
10872678,5000693.05663583
11033791,5845221.946488069
10936950,2461888.4514056602
10508661,4783338.449435779
11007966,4391848.2746256115
10747506,5023673.710929901
10837355,3801701.2569195344
9981206,3394961.312844917
10833070,6094155.913522791
10978705,3524931.970404234
10955487,5829452.433533307
10852255,6945032.596042554
10682249,2503967.7789762695
9433513,5430306.72168587
6168360,5883428.26823382
10885240,3451014.117663324
10784293,1555186.557443793
10818641,2460405.271440333
10839140,1379870.1354051875
10916722,2295688.0047060642
11020796,6108772.062826715
10937632,2071518.637625893
10955307,5526138.707307539
8506839,4882925.497782432
10920812,1970357.5619285307
10850891,3318298.7630190873
10611239,3954053.8492852496
10936197,1709646.0527854278
10669737,3979763.0258674063
10611849,3570527.8591968874
11015361,1294837.9438339234
10635113,2625150.624837054
10915932,5350263.727521893
10901417,2893292.91457031
10880927,5087934.70337699
11022290,2160709.922487716
10907015,1693624.3573133214
11034817,3403860.248651093
10967385,4907340.954039239
10852010,5235440.618166824
9390225,3486484.916800773
11010288,4855545.792080527
9615989,2785940.9210894285
10960951,6850276.811154731
10503161,2620065.903590646
10909520,2173229.2948396066
10197024,4335254.414154164
10769561,5694297.658065729
9809232,5486768.41310245
10904033,4819741.122336211
10299924,2028475.1386185037
10921022,1199172.4083076422
11034497,3531451.8490339317
10609466,5403876.926522749
11025439,6165626.095281549
10925980,4709941.40762664
10995129,2456328.9915820686
10754020,5879389.527380373
11025677,5734018.586047335
10872466,5257175.812328754
11022927,2027353.7063105134
10791000,5679596.963940817
10851705,5089513.289944454
10914936,2366097.4313326124
10949189,4259127.3668537615
10959445,2865712.6055688313
10612200,6540637.359312384
10915624,2887191.31411493
9958296,3811200.743755805
10866051,5556645.317831387
10613363,6802764.706749609
10725154,1938785.7537097367
10903377,1815145.9978200616
10982611,5295471.404802205
10683459,3989565.683485973
11011763,3127031.848795109
11030397,6034270.280639133
10821276,6087694.712021718
10724295,3437262.083867645
10819287,3768478.7103258865
10622822,6645277.1756676305
10918055,7217196.59689017
10868827,3202429.3127611824
10967090,5533537.263542399
10542009,3713108.628059011
10811787,3888441.1515899124
10768942,3121314.7069737343
10824049,3285373.4003320127
8577880,5594537.339608432
11032254,1311377.9499682183
10903228,1999445.4653513958
10577235,5122250.597967159
11011440,2371548.1917939074
11000046,4401167.895552668
10953428,1772753.3940911037
11028529,2926124.4057403095
10562027,3287895.21201808
9994299,3454736.123722675
10610598,2352489.0899118814
10939847,5081505.157576976
10928642,1919355.0743117346
10842154,1872367.8834850835
10991980,2272196.7076203935
9763903,2971106.6865818156
11043106,1487949.8293243549
10877623,8416281.014157984
11032794,6582515.152507177
10976393,2292214.726609091
7870211,4684286.165350974
9750582,5379558.967920817
10917644,4641422.372573752
10823602,1642525.746288741
10667858,5723877.5202157
11034110,1618572.7590440735
10804381,2394829.474658737
9978289,5399642.505453701
9665352,3686315.2597300345
10843851,4870818.41227118
11002055,2184713.642339897
11019056,1011828.8594261692
10235318,1725565.9353205673
11032323,6744518.042463904
11026314,2588926.4263777137
10702055,3088720.791538762
11025521,1768088.3997622067
11023044,3413616.8404345154
10985009,5044286.939800311
11010671,2397994.2546701264
10562477,2192441.3813344957
11029904,5984557.915188062
10611452,1328380.3494688845
10851152,2340365.9339805655
10794227,3861675.159940613
10517025,1544195.7805476976
10949281,3373208.2167259986
10402995,2654679.9041849473
11033278,1865563.1158414674
11016278,4753063.16917372
10770803,2548436.2948162365
10632652,4823598.064387182
10727184,1134364.3751723068
11028846,4593804.125862592
10931230,2477345.8985233647
10878138,3099452.6830006214
11041130,1932220.3826151718
10713412,2170495.212962896
10988550,1933080.0532241366
10999349,2425489.02798019
11014664,1128400.8248588573
10144235,6982791.940560071
9112830,5716254.175775177
10812901,3828472.4529148703
10605925,3689242.0011975775
11031797,4790175.591253297
11003376,5321700.365364692
10806414,4255971.670696085
10857168,5283004.695284915
10682675,5265607.963634187
10814189,2864783.5549502876
10845096,2255626.609973723
9824859,1040410.896314742
11017118,3231747.9083531382
10938914,5734226.179042808
11011830,4817420.816451744
11006977,1274552.0880800448
10767988,5897548.952975893
10882143,4546782.454629739
8652686,3355272.599891717
4733828,3364768.615055583
10936897,4676789.897337746
10731032,6488050.748624897
11033219,3686986.4996532397
10060918,2033806.8233037293
10969662,5698674.881600047
10679090,1504074.0340198241
10655005,3125227.5083632506
10953035,7351776.82111346
10967776,1061029.5062810876
10665241,1956020.847868029
10867374,5775791.5115118185
10826774,5712457.624223724
10905425,6153036.582848433
10609821,5387046.378350103
6549688,2680279.5787501093
10954937,4516863.782102598
8048280,3254726.667624529
10465754,2098867.0986117013
11010833,4828017.342785861
10879008,3259130.725270859
10848415,5059241.869518097
10816922,1810949.091073899
10717774,953338.9166434282
10399459,3053552.1050015604
10826329,2274141.1013804222
10975927,2910548.6783084166
10973590,6085177.227612874
10989065,6006161.2880978985
10919887,4156130.9478454
11031889,3780486.922672571
10680660,5164976.05184202
10692479,5470881.889561149
10936071,5233588.729396031
10899561,2487592.083484358
10971996,3648486.965640713
10927031,751525.078684303
10961742,3866118.4214012767
10612749,7396675.873221014
11032310,4179857.634951653
10974812,4387738.494972946
11029669,4153580.0079762745
10926689,2256160.8836374995
10903700,5842238.044112761
10622973,5647573.667959912
10927913,1670927.9454156351
10975546,5618922.7247702675
10880233,2165208.2288153186
10915044,2992637.0886752
10826288,2856789.032739482
10075657,5138004.969676319
10946346,4385151.54596697
11037037,2175212.0849279957
10906948,2831270.601628461
10797236,3992995.8689619345
10998492,5242921.571637014
10538683,6478881.368454646
10932574,4070340.62561936
10966113,1132103.5823088707
11028424,4105796.9470359064
9824857,618751.5118904901
8231199,4213915.317552959
10314693,1261108.9631227218
10611916,7179635.601650944
11008496,7816608.898506659
8338961,4260722.122399545
10911724,4880604.481341453
10823780,4050996.762244071
10547838,2412729.292766046
10610021,4404568.034207468
10829886,5478687.241198283
10098700,3229774.2605275726
10952272,3143810.0761253946
10756967,2726158.7824329287
11033769,4453093.902587448
10984827,6228438.463005605
10746162,5308431.905858272
10990720,2294850.6397491577
10933736,2549719.642569868
10315289,1579113.735225535
11017217,91308.1774879815
10534113,7529905.1239215005
10611151,6504009.083809447
11033582,6313220.53586158
10887717,1906352.7941225967
11033895,1879518.151588244
10587071,5293710.7148860395
10852381,3011161.3356076656
11030336,2743875.3909828723
6614212,3175196.0630355766
10906406,1678154.0418974338
10952510,1740030.4233615175
10560535,1024880.1218141881
9962489,6366743.15044812
11003561,4283896.225718225
11038803,3218316.960421725
11023524,1998616.7586744712
10848120,5422901.39661982
10678301,3986692.2602856955
9870439,3259221.9483769215
10562459,4530456.582603422
10224224,3392658.483848164
10779104,4250402.488967238
11007735,3323606.5900377873
10868322,4573639.457745047
10836398,4687452.29883704
10994853,3788698.663244708
10807041,1784766.9610203346
10217146,4938461.191569246
10885823,6715646.6811118405
10344809,5759581.208026299
11008807,3896875.4640220515
10744627,3230725.889031994
11015358,6686265.299604794
10892527,3586067.1073207427
7417021,4633060.667280651
10951175,5085960.676047559
10979927,3120212.5860714475
11003717,3626939.3367276564
8642626,3279915.8981125285
11039881,5556376.551194575
11033386,3275696.7342797294
10608823,5815635.9056955315
7827298,3033523.175946736
10832204,4890030.859851179
8965561,2215698.103851578
10840057,4854527.295528997
10889000,2852905.076540704
11043501,7170910.109853696
10827371,3688781.5109396437
10719399,4571663.060704795
10881162,3149575.668572592
10787565,1842957.6240564464
10957771,5265601.362616335
10215524,3775732.6101326193
10693962,6552699.380624993
10975796,6555294.314204835
10944453,4641344.949662945
11030707,3434643.708060338
10753113,1954854.79903073
11029525,1961207.562099677
10466937,1346604.7538737357
11033414,3855650.2534229406
10891319,5472244.836888794
11033879,5796108.2975588925
11047108,4797782.518902862
11007712,6336638.666300179
10644464,2413585.8473439217
10997005,3527109.2955193566
11028582,5092901.890868201
10532239,5771769.095594838
10786240,5307739.1217236575
7867852,3612996.8164107692
11015082,2624273.5561394477
10788380,1172215.2738092546
10691791,5868135.219356815
10968245,3678517.706327256
10935155,4835000.617219985
11006886,3261048.038116145
10705725,1927320.3794291932
10813515,2817743.3512704847
10987619,2646046.481417865
10638475,5737302.546820758
10876201,2424223.354186436
10933119,6355217.70350482
10880911,4278117.28020493
9682014,4446836.242859004
10819454,2857708.735172509
11028535,5831129.725043658
10985627,1983060.457218553
11031603,770258.9935566024
10508942,6205308.383141352
10997229,4348854.785999002
10059587,3237857.4942687936
9408556,6005738.440504044
10550238,3364020.6571119474
8732295,5780878.761345037
11031373,1797696.997006792
10466038,2499127.112536783
10841475,5609456.057380319
9715017,3772181.2277802015
10609690,7226924.492197154
11028801,2999066.695962131
10783099,2989267.6133684907
10767232,3668723.217636257
8083122,3564635.210932132
10786774,2376403.853339643
10765056,4677365.218571603
10937818,2696754.8474494116
10933782,8093378.454349604
11046193,5678850.877841966
10809579,5600772.396616195
10884967,4008472.2434706944
9519830,4223950.919042117
10724932,2349639.1614557547
10832417,4588019.383711041
11030603,2882433.7992867
10020072,8333073.350551026
11026252,5722020.089769609
10956049,4236114.839241215
11030140,7235913.005929779
10986637,3183278.7699084785
10361438,3458642.2145131356
10897746,3335252.4136601468
10844003,5999369.17821113
10837309,3156312.501583384
10782719,4827077.372025582
11010977,5549158.004814883
10955275,5478156.723749636
10967235,1865577.0380513459
10822436,3337272.4631849783
9809274,7226822.239470362
10979293,6297755.30313423
10959129,5720733.215531066
10653085,2295674.10614496
10938322,2795790.59069392
11033720,4477843.403996467
9598824,5950962.632604774
10682935,6243544.62541871
11032141,4606766.021896807
11028684,2924675.4262920143
10982541,2933940.8421207797
11010007,2212392.1350304666
10959125,597299.4387970837
10927164,4322978.425191809
10185480,3578691.491264224
10915266,4506129.515620317
11012254,2041417.3953311455
10862285,4500693.6753757745
10642496,6564299.338731777
11028989,4897885.665213646
10613355,4636131.768473408
10979584,4818168.551200572
10863533,837679.3013666268
11033642,5908259.072308379
6054980,6545763.031802756
10731611,5322703.994528307
10932624,2317947.2620329936
8291346,3435845.7587712673
11016173,4277785.752139329
7891642,3586654.8696373417
10944723,5356970.150526327
11007545,3991889.420239056
10584459,5401663.971485767
10979250,1420814.8731799345
10968768,4795635.901756655
9739372,4543248.630169204
10592772,5366663.246277869
11005907,5557063.900925752
10940197,5837936.105769499
11011624,5649402.211498937
10752174,5921656.129615036
10652295,597299.4387970837
11028735,4901464.147407867
9794888,6324537.94905835
10534946,7481076.4179987945
10963569,4700855.836137732
10855711,4291836.471510491
10748716,1128689.1060573766
11045140,2931991.3157063136
11006458,3743141.048730423
10976212,1447359.522666952
11007629,4767554.599857564
10963608,4616523.959252881
9211286,4698354.227859328
9071862,5001489.2828975385
11028984,3303309.972581896
10862983,2423817.629193901
11034016,4678026.730786545
8803234,6172460.735193874
11044247,1810634.5953318635
10961418,5087177.031894447
10891131,1982483.2791502834
10837271,2427089.4311998095
10383122,5941519.026049108
10608537,7715422.407390108
10688118,1845058.6852550074
10930069,2473509.154349435
10915088,4408621.837562481
10848354,5644782.888674394
10622993,5194948.422069683
10943908,2311555.6436964404
10716815,2722521.9950901624
10534162,1531996.5875162645
10629978,3744837.3563318388
10847505,3436340.199910438
11021813,2191871.220393446
11033561,2852408.701076485
10795410,5370757.406846623
10772278,1482133.4839104693
10850771,4964134.679097316
9982816,5590106.728255759
11026980,6008644.3250117805
10952037,5243863.319997094
10823660,5974920.096303354
10917379,5247165.160660615
10976615,3547285.268272109
10980351,4861351.639162307
11019778,2990375.6980921207
10858488,6067968.938197585
10991286,1540063.6330918008
10964866,979951.5643168734
7595148,5739836.095914709
10377513,1889301.7117046402
10799944,6726886.767966894
10850718,2445909.661650329
10936153,6745821.518663814
10859486,6332079.08427214
10612038,5141543.790029059
10534659,2728773.0025434545
10963440,4453385.443592958
10908080,1975054.631017143
10876512,1489136.7371790763
11018580,7125147.381074091
10769562,4766647.012332375
10984671,6093774.494643497
10808993,4766178.60716187
10574056,6224500.8096197145
10543692,3482178.6206650445
10956155,3268097.09038734
10850599,4824399.314081971
11010005,5624143.528674395
9859977,5234573.652768633
10858411,6358383.328529285
10995333,3721759.6895964863
11006151,2202560.3929836517
10982870,5684135.532627591
10645559,3375249.2401769925
10794854,2001331.2415370946
11032562,4627425.843555595
11039803,5722352.313477134
10980763,3891905.3333338685
11032294,5400359.144893091
10991074,2359738.7115181014
11010466,7042802.594113135
10882327,3972834.6078910897
10611445,5205917.149985501
10802866,2502491.5214440683
11008096,4675243.773787779
10762137,5555806.263488662
10911546,1167791.3747384087
10795143,1577302.1944174813
11008370,2220439.388547046
10253847,974050.442428817
10998638,4428690.699087699
9817199,5961211.474958261
11029124,5779588.508053378
10914401,5640908.590658495
10936048,5355487.895635749
7532412,1119415.1133593945
9211193,5132459.797172726
10762027,4617728.622899757
10979774,6033921.539668287
11028061,3651997.275897546
11031972,3237105.0926947403
10977855,2605158.29639439
10895030,2314403.1864396697
10466031,1573119.3467984274
10863769,4604554.903645064
10853739,6852358.063625278
11005214,3145840.1098984554
11027289,1867889.973715364
10535322,6888010.296820438
11030402,1805408.8858562727
10556059,1529449.2413367834
11006993,346064.5477854102
8780936,5513219.18199043
10397793,2346072.130412808
8420138,5410733.237295055
10388632,1996544.4750456181
9910431,2872184.7053047474
10852372,2646820.4116791063
11006491,3669864.207658816
10906001,2987522.440051509
10847271,5343611.937954761
10903056,6729678.356960872
10705774,5235923.199498333
10935746,5818094.257998867
10969134,1606056.5118435551
10980318,5699866.834776655
10820355,2463051.2584009618
10851867,3941866.250738218
10782647,4649875.58363609
10598446,4743147.927414755
10586747,5931864.847147834
10983720,1571510.3378139604
11013422,3034951.264202395
10569926,2892083.4471696382
10897027,5906301.484975911
10931328,2007065.5476074377
10893179,6822779.99052673
10299688,2223074.537403983
11021725,4382590.518679681
10946368,4124485.50639934
10906441,2459811.126726524
11029067,3738206.764693621
10390703,1288848.6393633941
10957336,4892399.840166054
10945216,1572467.5114941173
11028013,4161610.6271084314
8304378,2284141.0081018796
11030324,4949880.132958274
10807701,2516383.5668887068
10816856,6325271.659630574
11031047,5981647.650361298
11031068,2841678.041135852
10851161,3452619.593383564
10846626,4533396.746014907
10985483,6680213.498636151
10693136,2155233.831522376
10884988,5275761.077003673
11044696,2218753.063501809
10873478,3782135.864278762
11034556,2687691.7249894994
11000780,2701550.300460404
10900087,2314056.5385793783
10966889,1559330.7714185556
10768982,5814406.97427926
10562001,6531762.280294113
10648776,2006856.4796468723
3948095,3823967.7574990075
10508750,7090100.320154054
10135058,5086527.718193688
8719950,5571181.799304372
10915551,5199205.862564996
11001438,2982127.1068749586
10738422,4765090.026474615
10895391,5800362.362671747
11029506,1998665.3112627752
10038473,2841711.3536494365
10874633,5971980.342899043
10966238,6918550.298138166
11000032,3855404.8418858615
10865261,3518142.047506407
10677780,2567281.366573875
10609595,6126739.274436172
10609962,6646944.493146128
10783317,3328451.9984852755
10809836,4146557.668466224
10558845,3298234.1783139687
8227268,4887705.457905147
10534537,7010504.756691838
7379852,6033280.696725025
10978591,5727309.16571427
10949083,1761874.8829724728
10747678,4859417.706358082
10229132,1189479.6869960395
11007029,5805508.2489674175
10868256,1373099.7220225725
10787120,2846887.179930573
11015667,6005520.841558077
11008369,1967443.757892495
10559120,2495288.3505057516
10708878,4874020.865393033
10895226,2178958.185392443
9507204,5547048.236276304
10870625,3606884.9123426033
10963465,2350805.5726460265
10665842,2742776.441371264
10140719,2076426.846233186
10669155,3079730.9976929044
10638182,2917920.5435682274
10305731,2746013.9326759446
10823712,3985327.80296487
10845673,3138493.2662221664
10736490,4572635.408103368
11002157,7129669.310396164
10854487,4503486.651943963
10932443,6555169.3018876985
9238274,6323818.800047684
9968704,7505123.251493293
10960551,3989516.596796965
11004369,2303398.737485159
10797182,2021487.5162298675
10710497,1762485.918782284
10833515,1782443.771715511
10621632,4365139.705278274
10946619,5145986.708764876
10987445,5487681.081604198
11020441,4372156.779518162
9744263,4560550.969078586
11031724,4388948.3955521975
9593747,5400359.144893091
9144533,4792400.154064695
10548490,5808695.794085069
9225076,5944120.950500246
10854965,1842596.3820498874
10996375,2285656.2167569255
10930080,6336892.0601543635
10912952,5752516.947141802
11007485,953338.9166434282
10713853,2700954.388090344
8279961,3649298.062453825
10986609,5597072.722428279
10930823,1720058.4452002374
10675659,1599655.35079238
10929451,3301388.9580269014
10810651,2646340.1196394516
10975874,6354295.27941521
10633988,1074147.3652364467
10548030,3178162.7523977254
11027954,3198459.251643682
11015121,2078271.0640309157
11003421,1442677.3630474955
10994277,5528219.2555333385
10888989,5228867.185041719
10543141,3935902.222921445
10556346,5970447.481175279
9811345,3548302.7034885995
8820263,3255114.9728719844
10892642,2015420.82331718
10966173,2144249.322592026
11029272,5933752.985246013
10928019,5769196.9977848865
10934632,1667849.8645985234
10861222,6589651.686225923
10982523,2508820.9843068435
10891424,2605264.072118582
10845195,2774262.799850542
10782796,6593271.263553679
10976644,7045346.7269189395
10984787,2602874.385158496
10900153,2217643.5077445786
10933665,8043760.3540437035
11010985,1660280.6077881549
10775644,6625379.0666106455
10977323,2975121.9065513816
11029406,5601481.642366484
10983020,2946455.0643849466
10841047,5492969.931815797
11029333,4432533.084148635
11007952,5550373.852658991
11015543,2401187.9756686497
10975600,1896658.278957957
10965165,4275848.150863176
11016410,1141822.415570402
11030260,2867621.1931781815
10892906,3983187.754350717
10739080,4270510.055245563
11026594,4115104.372992481
10862767,4396283.822879728
10599029,4684096.348452868
10786060,3698943.565121017
11030210,2259610.7600022885
11007754,5956398.8335904945
10911731,2264464.6747057354
11022628,7733589.780176228
10923883,1924834.7287905212
10509822,6996549.174001868
10989575,3854188.7664389247
10543394,4363435.068211333
11036886,5497730.842131142
10747570,5672418.936010889
10983498,3996768.8063823986
10646810,1763261.396374741
10979171,3983270.2302090013
11029980,6335226.851551579
9966528,2813170.119121695
10984887,1615928.8314463971
10679893,3642740.7960932297
11027657,2486020.5825742655
10605936,5049689.526581847
10907017,4985320.38872381
10855719,3824372.3141073384
11032227,5578008.610162255
10931788,1907072.4933846826
11010968,6254994.831125587
10918046,5571763.527011135
11039839,2811025.34578091
10609036,5634243.087173504
10532865,5602780.144647267
10736521,7328022.375780041
10796974,5247335.774909202
10619770,2897070.4157448043
10988787,7398862.724185569
11020216,5696450.899112673
11032406,2238222.430969949
10888606,6567828.81048183
11023166,4838980.1131839175
10270151,2301066.795160955
11004028,5661261.976152483
10888491,7276123.765257545
10945357,4858403.563717623
10632828,1306050.290128021
11029644,5112521.754255259
10813011,4413503.37366028
10928173,7367661.892780189
10911507,5794471.182926385
11028479,5590213.860445278
10187898,5948000.672972359
11011403,5126130.365961012
10609571,2921053.907545181
10928561,2630622.7541315192
10939958,5736829.2669204585
11008529,4124981.7721150117
10974572,4406325.163732069
10705658,5733855.430710684
10605801,6246781.551305551
9951427,6238133.443912546
11032439,2188567.2943581194
10938936,5777014.580015936
11031960,5929369.3295370685
10948480,4118521.8982311287
10889925,3260254.964582124
10535343,3362529.4841269758
11011086,3422790.163738912
10967200,1751023.20758039
10695302,1737288.3993015601
10895188,2596734.3318623393
10870893,2122344.4360380983
10724185,2307571.335232502
9267681,6018538.902439652
9593748,5325012.979507704
8794108,3754730.861090443
10844482,2661739.1884227293
10932808,6275910.781348869
10817829,4282063.856978035
11029946,4240423.788125246
10817739,2680883.0038145343
10866998,2669409.469851098
10707811,9756516.154447064
10845229,3169821.4923170293
10727166,2667497.498126665
10619987,5996137.783686999
10811608,2110659.1589126308
10848317,4947415.570926926
9584613,4316338.436064016
11006354,1708087.1273485282
10979841,1728952.1789846546
11033094,5043381.715133333
11028606,3028679.2569669196
10933851,5875034.973002109
10826178,5482801.574102356
10783700,3822538.6415784713
11030318,1862858.9217985948
10973204,2188654.877182238
10713135,2791374.073237599
8885290,5651222.602618603
10976358,5425151.565844245
11027116,2143734.635768464
10733076,5794383.771814078
10120681,6505385.826004703
10624872,2659168.4391341065
10689174,5480738.457729236
11032237,6841618.5223776875
10842636,2666270.3293210673
10854110,1464364.2504526111
9400862,4439381.987414783
11033468,4651077.36856651
11033724,1829312.763897467
10723659,5502719.753016839
10978831,2011260.7066517882
10786947,7511321.004757689
10685857,2422990.6259613466
10992734,4030638.53769397
9973763,3508236.348619128
10907290,6168550.310907277
10989128,5311442.872778016
10988863,2758562.3141932366
10077042,3531339.39639909
10751618,2896355.7566485126
10917133,4637393.664777608
10389474,2925901.529396861
8669693,5549631.213753341
10938438,3277784.4173988607
10150188,3350992.4558686777
10831284,6372501.079456303
10587594,2869346.338001104
10691915,2100365.759896557
10963410,5526154.14251419
10948078,2524165.2611983847
10998660,6047839.0520018665
11029106,4764524.151507094
10986769,2143406.898116422
10850341,6196444.211963678
10958972,2412315.349069898
11005955,5301706.748723296
10610028,4835021.783281682
10979295,3414783.680117165
10915910,2068372.2194014557
11007478,5593865.695987953
10889363,6061837.457893671
10975839,6353524.231572085
10986832,3522309.5965686995
10687627,1388368.270181104
10910437,2026199.4067070633
